category,net,quantity,discount
Books,255.0,6,0.0375
Clothing,323.0,8,0.18
Electronics,144.26299999999998,5,0.09999999999999999
